{
    "desayuno": [
        {
            "nombre": "xxxxxxx",
            "precio": 40.00,
            "ingredientes": ["xxxx", "xxxx", "xxxx"],
            "paraCompartir": false
        },
        {
            "nombre": "xxxxxxx",
            "precio": 40.00,
            "ingredientes": ["xxxx", "xxxx", "xxxx"],
            "paraCompartir": false
        }
    ],
    "plato principal": [
        {
            "nombre": "xxxxxxx",
            "precio": 40.00,
            "ingredientes": ["xxxx", "xxxx", "xxxx"],
            "paraCompartir": false
        },
        {
            "nombre": "xxxxxxx",
            "precio": 40.00,
            "ingredientes": ["xxxx", "xxxx", "xxxx"],
            "paraCompartir": false
        }
    ],
    "postre": [
        {
            "nombre": "xxxxxxx",
            "precio": 40.00,
            "ingredientes": ["xxxx", "xxxx", "xxxx"],
            "paraCompartir": true
        },
        {
            "nombre": "xxxxxxx",
            "precio": 40.00,
            "ingredientes": ["xxxx", "xxxx", "xxxx"],
            "paraCompartir": true
        }
    ]
}   